ENGINE_ID,ICAO,ACFT_SERIES,ENG_TYPE,NB_ENG,BADA3,BADA4,BADA_TYPE
01P02GE186,B744,B747 430,CF6-80C2B1F,4,B744,B744GE,J
01P02GE188,B762,B767 2EY TANKER,CF6-80C2B6F,2,B762,B762GE50,J
01P02GE188,B763,B767 346F ER,CF6-80C2B6F,2,B763,B763ERGE61,J
01P03GE187,B744,B747 4EVERF,CF6-80C2B5F,4,B744,B744ERGE,J
01P04BR013,GL5T,BD700 1A11 GLOBAL 5000,BR710A2-20,2,GL5T,,J
01P04BR013,GLEX,BD700 1A10 GLOBAL EXPRESS 6000,BR710A2-20,2,GLEX,,J
01P05GE189,CL60,CL605,CF34-3B,2,CL60,,J
01P05GE189,CRJ1,CL600 2B19 RJ100ER,CF34-3B1,2,CRJ1,,J
01P05GE189,CRJ2,CL600 2B19 CHALLENGER 850,CF34-3B1,2,CRJ2,,J
01P06AL028,E145,EMB145EP,AE3007A1,2,E145,EMB-145ER,J
01P06AL034,E135,EMB135LR,AE3007A3,2,E135,EMB-135LR,J
01P06AL034,E145,EMB145LI,AE3007A3,2,E145,EMB-145ER,J
01P06AL034,E35L,LEGACY 650,AE3007A3,2,E35L,EMB-135BJ-Legacy600,J
01P07PW145,HA4T,HAWKER 4000 HORIZON,PW308A,2,HA4T,,J
01P07PW146,F2TH,FALCON 2000LX,PW308C,2,F2TH,,J
01P08CM104,A321,A321 211 SL,CFM56-5B3,2,A321,A321-111,J
01P08CM105,A320,A320 214 SL,CFM56-5B4/3,2,A320,A320-214,J
01P08CM106,A319,A319 111,CFM56-5B5/3,2,A319,A319-114,J
01P08CM108,A319,A319 115X,CFM56-5B7,2,A319,A319-114,J
01P08GE190,CRJ9,CL600 2D24 RJ900NG,CF34-8C5,2,CRJ9,,J
01P08GE192,CRJ7,CL600 2C10 RJ702,CF34-8C5B1,2,CRJ9,,J
01P08GE193,CRJX,CL600 2E25 RJ1000,CF34-8C5A2,2,CRJX,,J
01P08GE197,E170,EMB170 100LR,CF34-8E5,2,E170,EMB-170AR,J
01P08GE197,E75L,EMB170 200LR SW,CF34-8E5,2,E75L,EMB-175LR,J
01P08GE197,E75S,EMB170 200STD,CF34-8E5,2,E75S,EMB-175STD,J
01P10AL033,E35L,LEGACY 650,AE3007A2,2,E35L,EMB-135BJ-Legacy600,J
01P11BR016,GL7T,BD700 2A12 GLOBAL 7500,GE PASSPORT,2,GLEX,,J
01P11BR016,GLF6,G650 ER,BR725,2,GLEX,,J
01P11CM112,B737,B737 7K2,CFM56-7B22E,2,B737,B737W24,J
01P11CM114,B737,B737 76J,CFM56-7B24E,2,B737,B737W24,J
01P11CM114,B738,B737 85P,CFM56-7B24E,2,B738,B738W26,J
01P11CM116,B737,B737 700 NE3 BBJ,CFM56-7B26E,2,B737,B737W24,J
01P11CM116,B738,B737 800WL,CFM56-7B26E,2,B738,B738W26,J
01P11CM116,B739,B737 9GJ ER,CFM56-7B26E,2,B739,B739ERW26,J
01P11CM121,B737,B737 7D6 C,CFM56-7BE,2,B737,B737W24,J
01P11CM121,B738,B737 8K2,CFM56-7B27E,2,B738,B738W26,J
01P11CM121,B739,B737 9F2 ER,CFM56-7B27E,2,B739,B739ERW26,J
01P11CM122,B738,B737 85P,CFM56-7B27/B1,2,B738,B738W26,J
01P11GE202,AJ27,ARJ21 700,CF34-10A,2,A148,,J
01P11HN012,G280,G280,HTF7250G,2,G280,,J
01P11PJ003,SU95,SSJ100 95B,SaM146-1S17,2,SU95,,J
01P11PJ004,SU95,SSJ100 95LR,SaM146-1S18,2,SU95,,J
01P14HN011,CL30,BD100 1A10 CHALLENGER 350,HTF7350,2,CL30,,J
01P14HN016,E545,LEGACY 450,HTF7500E,2,E545,,J
01P14HN016,E550,PRAETOR 600,HTF7500E,2,E550,,J
01P14RR101,A333,A330 341,TRENT 668,2,A333,A330-341,J
01P14RR102,A332,A330 243,TRENT 772B-60,2,A332,A330-243,J
01P14RR102,A333,A330 343,TRENT 772B-60,2,A333,A330-341,J
01P14RR102,A337,A330 743L,TRENT 772B-60,2,A3ST, A300B4-608ST,J
01P17GE210,B78X,B787 10,GENX-1B,2,B78X,,J
01P18HN013,C700,CESSNA 700 LONGITUDE,HTF7700L,2,C700,,J
01P18RR103,A388,A380 841,TRENT 970-84,4,A388,A380-841,J
01P18RR124,A359,A350 941,TRENT XWB-84,2,A359,A350-941,J
01P20CM127,A20N,A320 252N,LEAP-1A24,2,A20N,A320-271N,J
01P20CM128,A19N,A319 153N CJ,LEAP-1A26,2,A20N,,J
01P20CM128,A20N,A320 251N,LEAP-1A26,2,A20N,A320-271N,J
01P20CM132,A21N,A321 251NX,LEAP-1A32,2,A21N,,J
01P20CM136,B37M,B737 7,LEAP-1B,2,B38M,,J
01P20CM136,B38M,B737 8 200,LEAP-1B,2,B38M,,J
01P20CM140,B39M,B737 9,LEAP-1B,2,B39M,,J
01P20CM140,B3XM,B737 10,LEAP-1B,2,B39M,,J
01P20PW191,E295,EMB190 400STD,PW1923G,2,B736,,J
01P21GE216,B77L,B777 2DZ LR,GE90-110B1,2,B77L,B772LR,J
01P21GE217,B772,B777 246 ER,GE90-115B,2,B772,B772RR92,J
01P21GE217,B779,B777 9,GE9X-105B1A,2,B77W,,J
01P21GE217,B77L,B777 F,GE90-115B1L,2,B77L,B772LR,J
01P21GE217,B77W,B777 300 ER,GE90-115B,2,B77W,B773ERGE115B,J
01P21RR125,A35K,A350 1041,TRENT XWB-97,2,A35K,,J
01P22PW141,FA5X,FALCON 5X,SILVERCREST,2,GLF2,,J
01P22PW141,FA6X,FALCON 6X,PW814GA,2,GLF5,,J
01P22PW141,GA5C,G500,PW814GA,2,GLF5,,J
01P22PW141,GA7C,G700,Pearl,2,GLEX,,J
01P22PW142,GA6C,G600,PW815GA,2,GLF5,,J
01P22PW160,A20N,A320 272N,PW1124G-JM,2,A20N,A320-271N,J
01P22PW163,A20N,A320 271N,PW1127G-JM,2,A20N,A320-271N,J
01P22PW165,A21N,A321 272NX,PW1130G-JM,2,A21N,,J
01P22PW167,A21N,A321 271NX,PW1133G-JM,2,A21N,,J
01P22PW169,MRJ9,MRJ 90 STD,PW1217G,2,A148,,J
01P22PW175,A20N,MC 21 300,PW1431G,2,A20N,,J
02P23RR128,B788,B787 8,TRENT 1000,2,B788,B788RR67,J
02P23RR128,B789,B787 9,TRENT 1000,2,B789,B789RR74,J
02P23RR128,B78X,B787 10,TRENT 1000,2,B78X,,J
03P15PW193,FA8X,FALCON 8X,PW307D,3,FA7X,,J
03P16PW192,FA7X,FALCON 7X,PW307A,3,FA7X,,J
03P16PW192,LJ60,LEARJET 60,PW305A,2,LJ60,,J
04P20PW196,BCS1,CS100,PW1524G,2,B736,,J
04P20PW197,BCS3,CS300,PW1521G,2,A318,,J
04P20PW200,E290,EMB190 300STD,PW1919G,2,E290,,J
04P20PW200,E295,EMB190 400STD,PW1919G,2,B736,,J
04P24RR146,A338,A330 841,TRENT 7000-72,2,A339,,J
04P24RR146,A339,A330 941,TRENT 7000-72,2,A339,,J
10PW098,B772,B777 26K ER,PW4084D,2,B772,B772RR92,J
10PW099,B772,B777 222 ER,PW4090,2,B772,B772RR92,J
10PW099,B773,B777 346,PW4090,2,B773,B773RR92,J
10PW099,B77W,B777 381 ER,PW4090,2,B77W,B773ERGE115B,J
11GE139,B748,B747 830,GENX-2B67,4,B748,B748F,J
11GE142,E190,EMB190 100STD,CF34-10E,2,E190,EMB-190STD,J
11GE144,E190,EMB190 100LR,CF34-10E,2,E190,EMB-190LR,J
11GE144,E195,EMB190 200LR,CF34-10E5A1,2,E195,EMB-195LR,J
11HN003,CL30,BD100 1A10 CHALLENGER 300,HTF7000,2,CL30,,J
11RR048,GLF4,G450,TAY 611-8C,2,CRJ9,,J
12GE150,B788,B787 8,GENX-64B,2,B788,B788GE67,J
12GE150,B789,B787 9,GENX-64B,2,B789,B789GE75,J
12PW101,B762,B767 27E ER,PW4060,2,B762,B762ERPW56,J
12PW101,B763,B767 332 ER,PW4060,2,B763,B763ERGE61,J
12PW102,B744,B747 4B5 ERF,PW4062,4,B744,B744ERGE,J
12PW102,B762,KC 46A PEGASUS B767 2C,PW4062,2,B762,B762GE50,J
12PW102,B763,B767 33P ER,PW4062,2,B763,B763ERGE61,J
13AA006,IL76,IL76TD 90VD,PS-90A-76,4,IL76,,J
13AA006,IL96,IL96 300,PS-90A,4,IL96,,J
13AA006,T204,TU204 100C,PS-90AT,2,T204,,J
13AA008,T204,TU204 100CE,PS-90A2,2,T204,,J
13ZM002,AN72,AN74TK 200A,D-36-3A,2,F28,,J
13ZM003,A178,AN178,D-436-148FM,2,E190,,J
13ZM004,A140,AN140,TV3-117VMA-SBM1,2,A140,,T
13ZM004,A148,AN148 100E,D-436-148,2,A148,,J
1AA001,T134,TU134A 3,D-30-III,2,T134,,J
1AA002,IL76,IL76TD,D30KP,4,IL76,,J
1AA003,IL62,IL62M,D30KU,4,DC87,,J
1AA004,T154,TU154M,D30KU-154-II,3,T154,,J
1AS001,C25A,CESSNA 525A CJ2,FJ44-3A-24,2,C25A,,J
1AS001,C25M,CESSNA 525 CJ1 M2,FJ44-1AP-21,2,C525,,J
1AS001,C501,CESSNA 501 SIERRA EAGLE II,FJ44-2A,2,C551,,J
1AS001,C525,CESSNA 525,FJ44-1A,2,C525,,J
1AS001,E55P,ELITE,FJ-33-4,2,E55P,,J
1AS001,F900,FALCON 900DX,TFE731-60,3,F900,,J
1AS001,FA10,FALCON 100,TFE731-2-1C,2,FA10,,J
1AS001,GSPN,SPN GROB 180,FJ44-3A,2,C550,,J
1AS001,LJ31,LEARJET 31A,TFE731-2-3B,2,BE40,,J
1AS001,LJ35,LEARJET 35A,TFE731-2-2B,2,LJ35,,J
1AS001,PC24,PC24,FJ44-4A,2,C560,,J
1AS001,PRM1,RA 390,FJ44-2A,2,PRM1,,J
1AS001,SF50,SF50,FJ33,1,SF50,,J
1AS001,SJ30,SJ30 2,FJ44-2A,2,LJ25,,J
1AS002,ASTR,IAI1125SPX ASTRA,TFE731-3C-200G,2,G150,,J
1AS002,C650,CESSNA 650,TFE731-3B-100S,2,C650,,J
1AS002,F900,FALCON 900EX,TFE731-60-1C,3,F900,,J
1AS002,FA20,FALCON 20F,TFE731-5AR-2C,2,FA20,,J
1AS002,FA50,FALCON 50,TFE731-3-1C,3,FA50,,J
1AS002,G150,G150,TFE731-40R-200G,2,G150,,J
1AS002,H25A,BAE125 3A RA,VIPER 522,2,H25A,,J
1AS002,H25B,BAE125 800XP,TFE731-5BR,2,H25B,,J
1AS002,JCOM,IAI1121,CJ610-1,2,H25A,,J
1AS002,L29A,L1329 8,JT12A-8,4,CL60,,J
1AS002,L29B,L1329 II,TFE731-3,4,CL60,,J
1AS002,LJ24,LEARJET 24,CJ610-4,2,LJ25,,J
1AS002,LJ25,LEARJET 25D,CJ610-8A,2,LJ25,,J
1AS002,LJ40,LEARJET 40,TFE731-20AR,2,LJ45,,J
1AS002,LJ45,LEARJET 45,TFE731-20AR,2,LJ45,,J
1AS002,LJ55,LEARJET 55,TFE731-3AR-2B,2,LJ60,,J
1AS002,LJ70,LEARJET 70,TFE731-40BR,2,LJ75,,J
1AS002,LJ75,LEARJET 75,TFE731-40BR,2,LJ75,,J
1AS002,SBR1,SABRE 65,TFE731-3R-1D,2,SBR1,,J
1AS002,WW23,IAI1123,CJ610-9,2,SBR1,,J
1AS002,WW24,IAI1124,TFE731-3-1G,2,SBR1,,J
1CM001,B701,B707 TC 135B,UNKNOWN,4,B703,,J
1CM001,E3CF,B707 E3A,UNKNOWN,4,DC87,,J
1CM001,K35E,B707 KC 135E,UNKNOWN,4,B703,,J
1CM001,K35R,B707 KC 135R,UNKNOWN,4,B703,,J
1CM001,R135,VC 135B,UNKNOWN,4,DC87,,J
1CM001,W135,C135B B707,JT3D-3B,4,B703,,J
1CM002,DC87,DC8 72CF,CFM56-1B,4,DC87,,J
1CM002,K35E,B707 351C KC135A,UNKNOWN,4,B703,,J
1CM003,DC87,DC8 73CF,CFM56-2C1,4,DC87,,J
1CM004,B733,B737 3H4 WL,CFM56-3B1,2,B733,B73320,J
1CM004,B734,B737 4Q3,CFM56-3B1,2,B734,B73423,J
1CM004,B735,B737 548 WL,CFM56-3B1,2,B735,B73518,J
1CM005,B733,B737 341,CFM56-3B2,2,B733,B73320,J
1CM005,B734,B737 448 F,CFM56-3B2,2,B734,B73423,J
1CM007,B733,B737 36N WL,CFM56-3C1,2,B733,B73320,J
1CM007,B734,B737 490 F,CFM56-3C1,2,B734,B73423,J
1CM007,B735,B737 524 WL,CFM56-3C1,2,B735,B73518,J
1CM008,A320,A320 211,CFM56-5A1,2,A320,A320-212,J
1CM009,A320,A320 212,CFM56-5A3,2,A320,A320-212,J
1CM010,A342,A340 211,CFM56-5C2,4,A342,A340-213,J
1CM010,A343,A340 311,CFM56-5C2,4,A343,A340-313,J
1CM011,A342,A340 212,CFM56-5C3,4,A342,A340-213,J
1CM011,A343,A340 312,CFM56-5C3,4,A343,A340-313,J
1GE001,DC10,MD10 10 F,CF6-6D,3,DC10,,J
1GE002,DC10,DC10 10,CF6-6D1A,3,DC10,,J
1GE003,DC10,MD10 10 F,CF6-6K,3,DC10,,J
1GE010,B762,B767 232 BDSF,CF6-80A,2,B762,B762GE50,J
1GE012,B762,B767 204 ER BDSF,CF6-80A2,2,B762,B762ERPW56,J
1GE012,B763,B767 332,CF6-80A2,2,B763,B763PW60,J
1GE013,A310,A310 203,CF6-80A3,2,A310,A310-204,J
1GE034,CL60,CL600 2B16 CL601 3A,CF34-3A,2,CL60,,J
1GE035,CL60,CL600 2B16 CL601 3R,CF34-3A1,2,CL60,,J
1GE035,CRJ1,CL600 2B19 RJ100LR,CF34-3A1,2,CRJ1,,J
1GE035,CRJ2,CL600 2B19 RJ200LR PF,CF34-3A1,2,CRJ2,,J
1IA001,A320,A320 231,V2500-A1,2,A320,A320-231,J
1IA002,MD90,MD90 30,V2525-D5,2,MD83,,J
1IA003,A319,A319 133X,V2527-A5,2,A319,A319-131,J
1IA003,A320,A320 232,V2527-A5,2,A320,A320-232,J
1IA004,MD90,MD90 30,V2528-D5,2,MD83,,J
1IA005,A321,A321 131,V2530-A5,2,A321,A321-131,J
1KK001,T154,TU154B2,NK8-2U,3,T154,,J
1KK003,IL86,IL86,NK-86,4,IL86,,J
1PW001,B701,B707 138B,JT3D-1/Q,4,B703,,J
1PW001,B703,B707 E8C,JT3D-3B,4,B703,,J
1PW001,DC85,DC8F 54,JT3D-3B/Q,4,B703,,J
1PW001,DC86,DC8 62AF,JT3D-3B/Q,4,DC87,,J
1PW001,E6,B707 E6A,UNKNOWN,4,DC87,,J
1PW002,B703,B707 330B,JT3D-7/Q,4,B703,,J
1PW002,DC86,DC8 62F,JT3D-7/Q,4,DC87,,J
1PW002,VC10,VC10 C1 1106,UNKNOWN,4,B703,,J
1PW006,B721,B727 21,JT8D-9/Q,3,B722,,J
1PW006,B722,B727 256 ADV,JT8D-9,3,B722,,J
1PW006,B732,B737 201,JT8D-9A,2,B732,B73215,J
1PW006,DC93,C 9B DC 9,JT8D-9,2,DC93,,J
1PW008,DC92,DC9 21,JT8D-11,2,A158,,J
1PW009,B722,B727 2Y4 ADV,JT8D-15/Q,3,B722,,J
1PW009,B732,B737 230 ADV,JT8D-15/Q,2,B732,B73215,J
1PW009,DC93,DC9 32,JT8D-15,2,DC93,,J
1PW011,B722,B727 228 ADV,JT8D-15A,3,B722,,J
1PW011,B732,B737 229 ADV,JT8D-15A,2,B732,B73215,J
1PW012,B722,B727 294 ADV,JT8D-17,3,B722,,J
1PW012,B732,B737 2V6 ADC,JT8D-17,2,B732,B73215,J
1PW012,DC93,DC9 32,JT8D-17,2,DC93,,J
1PW012,DC95,DC9 51,JT8D-17,2,B712,,J
1PW014,B722,B727 212 ADV,JT8D-17A/Q,3,B722,,J
1PW014,B732,B737 2T4 ADV,JT8D-17A,2,B732,B73215,J
1PW014,DC95,DC9 51,JT8D-17A,2,B712,,J
1PW016,B722,B727 264 ADV,JT8D-17R,3,B722,,J
1PW022,B741,B747 186B,JT9D-7F,4,B742,,J
1PW022,B742,B747 2J9F,JT9D-7F,4,B742,B742RR,J
1PW022,B74S,B747SP 86,JT9D-7F,4,B742,,J
1PW024,B742,B747 212B F SCD,JT9D-7J,4,B742,B742RR,J
1PW024,B74S,B747SP 27,JT9D-7J,4,B742,,J
1PW025,B742,B747 251B SF,JT9D-7Q,4,B742,B742RR,J
1PW026,A310,A310 221 F,JT9D-7R4D1,2,A310,A310-222,J
1PW026,B762,B767 258,JT9D-7R4D,2,B762,B762GE50,J
1PW027,A310,A310 222 F,JT9D-7R4E1,2,A310,A310-222,J
1PW027,B762,B767 238 ER,JT9D-7R4E,2,B762,B762ERPW56,J
1PW028,B762,B767 2J6 ER,JT9D-7R4E4,2,B762,B762ERPW56,J
1PW029,B742,B747 222B F,JT9D-7R4G2,4,B742,B742RR,J
1PW029,B743,B747 346,JT9D-7R4G2,4,B743,B743PW,J
1PW030,A306,A300B4 620,JT9D-7R4H1,2,A306,A300B4-622,J
1PW033,DC10,DC10 40D F,JT9D-59A,3,DC10,,J
1PW034,B742,B747 2R7F,JT9D-70A,4,B742,B742RR,J
1PW035,C500,CESSNA 500,JT15D-1,2,C551,,J
1PW035,C501,CESSNA 501,JT15D-1A,2,C551,,J
1PW036,C550,CESSNA 550,JT15D-4,2,C550,,J
1PW036,C551,CESSNA 551,JT15D-4,2,C551,,J
1PW036,MU30,MU300 1,JT15D-4,2,BE40,,J
1PW036,S601,SN601 CORVETTE,JT15D-4,2,C550,,J
1PW037,BE40,HAWKER 400XP,JT15D-5,2,BE40,,J
1PW037,C560,CESSNA 560,JT15D-5A,2,C560,,J
1PW037,SBR1,SABRE CT39G,JT12A-8A,2,SBR1,,J
1PW042,B744,B747 412F,PW4056,4,B744,B744GE,J
1PW042,B762,B767 284 ER,PW4056,2,B762,B762ERPW56,J
1PW042,B763,B767 322 ER WL,PW4052,2,B763,B763ERGE61,J
1PW042,BLCF,B747 409 LCF,PW4056,4,A346,,J
1PW045,A310,A310 324,PW4152,2,A310,A310-324,J
1PW047,A310,A310 325ET,PW4156A,2,A310,A310-324,J
1PW048,A306,A300B4 622R F,PW4158,2,A306,A300B4-622,J
1PW052,MD11,MD11 F,PW4460,3,MD11,,J
1RR001,VF14,VFW614,M45H MK.501,2,E135,,J
1RR002,L101,L1011 100,RB211-22B,3,L101,,J
1RR005,L101,L1011 KC2,RB211-524,3,L101,,J
1RR006,B741,B747 168B,RB211-524C2,4,B742,,J
1RR006,B742,B747 236B F SCD,RB211-524C2,4,B742,B742RR,J
1RR006,B74S,B747SP 68,RB211-524C2,4,B742,,J
1RR007,B742,B747 236B F,RB211-524D4,4,B742,B742RR,J
1RR007,B743,B747 367,RB211-524D4,4,B743,B743PW,J
1RR007,B744,B747 E 4B,UNKNOWN,4,B744,B742RR,J
1RR007,B74S,B747SP 31,RB211-524D4,4,B742,,J
1RR010,B744,B747 419 BDSF,RB211-524G,4,B744,B744GE,J
1RR011,B744,B747 467F SCD,RB211-524H,4,B744,B744GE,J
1RR011,B763,B767 336 ER,RB211-524H,2,B763,B763ERGE61,J
1RR012,B752,B757 236 SF,RB211-535C,2,B752,B752WRR40,J
1RR020,F100,FOKKER 100,TAY 620-15,2,F100,F100-620,J
1RR020,F70,FOKKER 70,TAY 620-15,2,F70,F70-620,J
1TL001,CL60,CL600 1A11 CL600S,ALF502L-2,2,CL60,,J
1TL003,B461,BAE146 100,LF502R-5,4,B462,,J
1TL003,B462,BAE146 200,LF502R-5,4,B462,,J
1TL003,B463,BAE146 301ARA,LF502R-5,4,B463,,J
1TL003,RJ85,BAE146 RJ85,LF502R-5,4,RJ85,,J
1TL004,B463,BAE146 300,LF507-1H,4,B463,,J
1TL004,RJ1H,BAE146 RJ100,LF507-1F,4,RJ1H,,J
1TL004,RJ70,BAE146 RJ70 ER,LF507-1F,4,RJ85,,J
1TL004,RJ85,BAE146 RJ85,LF507-1F,4,RJ85,,J
1ZM001,A124,AN124 100,D-18T,4,A124,,J
1ZM001,A225,AN225,D-18T,6,A124,,J
1ZM001,AN72,AN74,D-36,2,F28,,J
1ZM001,YK42,YAK 42D,D-36,3,YK42,,J
2CM012,A321,A321 111,CFM56-5B1,2,A321,A321-111,J
2CM013,A321,A321 112,CFM56-5B2,2,A321,A321-111,J
2CM014,A320,A320 214,CFM56,2,A320,A320-214,J
2CM015,A343,A340 313,CFM56-5C4,4,A343,A340-313,J
2CM018,A320,A320 214,CFM56-5B4/2,2,A320,A320-214,J
2GE036,A306,A300B4 601,CF6-80C2A1,2,A306,A300B4-601,J
2GE037,A310,A310 304,CF6-80C2A2,2,A310,A310-308,J
2GE038,A306,A300B4 603,CF6-80C2A3,2,A306,A300B4-601,J
2GE039,A306,A300B4 605R,CF6-80C2A5,2,A306,A300B4-601,J
2GE040,A310,A310 308 F,CF6-80C2A8,2,A310,A310-308,J
2GE040,A3ST,A300B4 608ST,CF6-80C2A8,2,A3ST,A300B4-608ST,J
2GE041,B743,B747 3D7,CF6-80C2B1,4,B743,B743PW,J
2GE041,B74R,VC25A B747,CF6-80C2B1,4,B742,,J
2GE042,B762,B767 201 ER,CF6-80C2B2,2,B762,B762ERPW56,J
2GE043,B762,B767 23B ER,CF6-80C2B4,2,B762,B762ERPW56,J
2GE043,B763,B767 3P6 ER BDSF WL,CF6-80C2B4,2,B763,B763ERGE61,J
2GE044,B763,B767 323 ER WL BDSF,CF6-80C2B6,2,B763,B763ERGE61,J
2GE046,B762,B767 25E BDSF,CF6-80C2B2F,2,B762,B762GE50,J
2GE046,B763,B767 38E ER,CF6-80C2B2F,2,B763,B763ERGE61,J
2GE047,B762,B767 224 ER,CF6-80C2B4F,2,B762,B762ERPW56,J
2GE047,B763,B767 34P ER,CF6-80C2B4F,2,B763,B763ERGE61,J
2GE049,MD11,MD11 F,CF6-80C2D1F,3,MD11,,J
2GE051,A332,A330 202,CF6-80E1A2,2,A332,A330-203,J
2GE051,A333,A330 302,CF6-80E1A2,2,A333,A330-301,J
2GE054,B762,B767 24N ER,CF6-80C2B7F,2,B762,B762ERPW56,J
2GE054,B763,B767 34AF ER WL,CF6-80C2B7F,2,B763,B763ERGE61,J
2GE054,B764,B767 432 ER,CF6-80C2B7F,2,B764,B764ER,J
2PW061,B772,B777 2AN ER,PW4077,2,B772,B772RR92,J
2RR025,B772,B777 2D7 ER,TRENT 871,2,B772,B772RR92,J
2RR027,B772,B777 223 ER,TRENT 892-17,2,B772,B772RR92,J
2RR027,B773,B777 312,TRENT 892,2,B773,B773RR92,J
3CM020,A321,A321 212,CFM56-5B1/2P,2,A321,A321-111,J
3CM021,A320,A320 214,CFM56-5B4/2P,2,A320,A320-214,J
3CM022,A319,A319 112,CFM56-5B6/2P,2,A319,A319-114,J
3CM025,A321,A321 211,CFM56-5B3/P,2,A321,A321-111,J
3CM026,A320,A320 214,CFM56-5B4/P,2,A320,A320-214,J
3CM026,A321,A321 211 SL,CFM56-5B4/P,2,A321,A321-111,J
3CM027,A319,A319 111,CFM56-5B5/P,2,A319,A319-114,J
3CM028,A319,A319 112,CFM56-5B6/P,2,A319,A319-114,J
3CM028,A320,A320 216,CFM56-5B6/P,2,A320,A320-214,J
3CM030,B736,B737 683,CFM56-7B20,2,B736,B73622,J
3CM030,B737,B737 76N,CFM56-7B20,2,B737,B737W24,J
3CM030,B738,B737 8D6,CFM56-7B20,2,B738,B738W26,J
3CM031,B736,B737 6Z9,CFM56-7B22,2,B736,B73622,J
3CM031,B737,B737 783,CFM56-7B22,2,B737,B737W24,J
3CM031,B738,B737 8AS,CFM56-7B22,2,B738,B738W26,J
3CM032,B737,B737 7K2,CFM56-7B24,2,B737,B737W24,J
3CM032,B738,B737 8AS,CFM56-7B24,2,B738,B738W26,J
3CM032,B739,B737 990,CFM56-7B24,2,B739,B739ERW26,J
3CM034,B737,C40B B737 7DM,CFM56-7B27,2,B737,B737W24,J
3CM034,B738,B737 8K2,CFM56-7B27,2,B738,B738W26,J
3CM034,B739,B737 9F2 ER,CFM56-7B27,2,B739,B739ERW26,J
3GE056,A306,A300C4 605F,CF6-80C2A5F,2,A306,A300B4-601,J
3GE066,B772,B777 228 ER,GE90-92B,2,B772,B772RR92,J
3GE068,B74R,B747SR 81 F SCD,CF6-45A2,4,B742,,J
3GE070,A30B,A300B2 103,CF6-50C,2,A30B,A300B4-203,J
3GE070,DC10,DC10 30,CF6-50C,3,DC10,,J
3GE072,DC10,DC10 30 F,CF6-50C2R,3,DC10,,J
3GE073,DC10,KC 10A,CF6-50C1,3,DC10,,J
3GE074,A30B,A300B4 203 F,CF6-50C2,2,A30B,A300B4-203,J
3GE074,DC10,DC10 30,CF6-50C2,3,DC10,,J
3GE077,B742,B747 21AC SCD,CF6-50E2,4,B742,B742RR,J
3GE077,B743,B747 329 SCD,CF6-50E2,4,B743,B743PW,J
3GE078,B743,B747 341,CF6-50C2B,4,B743,B743PW,J
3GE078,DC10,DC10 30 ER,CF6-50C2B,3,DC10,,J
3IA006,A319,A319 131,V2522-A5,2,A319,A319-131,J
3IA007,A319,A319 132,V2524-A5,2,A319,A319-131,J
3IA008,A321,A321 231 SL,V2533-A5,2,A321,A321-131,J
3RR031,F100,FOKKER 100,TAY 650-15,2,F100,F100-650,J
3RR032,B721,B727 185C RE,TAY 651-54,3,B722,,J
3RR032,B722,B727 23 Q,TAY 651-54,3,B722,,J
4AL003,E145,EMB145EU,AE3007A,2,E145,EMB-145ER,J
4BR005,B712,B717 2BL,BR715A,2,B712,B712HGW21,J
4BR007,B712,B717 22K,BR715C,2,B712,B712HGW21,J
4BR008,GLF5,G550,BR710-48,2,GLF5,,J
4CM035,A319,A319 113,CFM56-5A4,2,A319,A319-114,J
4CM036,A319,A319 114,CFM56-5A5,2,A319,A319-114,J
4GE081,A332,A330 202,CF6-80E1A4,2,A332,A330-203,J
4GE081,A333,A330 302,CF6-80E1A4,2,A333,A330-301,J
4PW068,MD81,MD81,JT8D-217,2,MD82,MD808120,J
4PW068,MD82,MD82,JT8D-217,2,MD82,MD808221,J
4PW068,MD83,MD83,JT8D-217,2,MD83,MD808321,J
4PW069,MD82,MDC SAIC MD82,JT8D-217A,2,MD82,MD808221,J
4PW070,B721,B727 17 RE,JT8D-217C2/17A1,3,B722,,J
4PW070,B722,B727 2X8 RE ADV,JT8D-217C2/17A1,3,B722,,J
4PW070,MD81,MD81,JT8D-217C,2,MD82,MD808120,J
4PW070,MD82,MD82,JT8D-217C,2,MD82,MD808221,J
4PW070,MD83,MD83,JT8D-217C,2,MD83,MD808321,J
4PW070,MD87,MD87,JT8D-217C,2,MD82,MD808720,J
4PW070,MD88,MD88,JT8D-217C,2,MD82,MD808821,J
4PW071,MD82,MD82,JT8D-219,2,MD82,MD808221,J
4PW071,MD83,MD83,JT8D-219,2,MD83,MD808321,J
4PW071,MD87,MD87,JT8D-219,2,MD82,MD808720,J
4PW071,MD88,MD88,JT8D-219,2,MD82,MD808821,J
4PW072,B752,B757 2Q8 F,PW2037,2,B752,B752WRR40,J
4PW072,IL96,IL96,PW2337,4,IL96,,J
4PW073,B752,B757 2Q8 F,PW2040,2,B752,B752WRR40,J
4PW073,B753,B757 351 WL,PW2043,2,B753,B753RR,J
4RR035,F28,F28 1000,SPEY 555-15,2,F28,,J
4RR036,B744,B747 4R7F SCD,RB211-524G/H-T,4,B744,B744GE,J
501 D13 alternative 2,C130,C130H,501-D22A,4,C130,,T
501 D13 alternative 2,CVLT,CV580,501-D13,2,ATP,,T
501 D13 alternative 2,L188,L188CF,501-D13A,4,AN12,,T
5GE083,CRJ7,CL600 2C10 RJ700,CF34-8C1,2,CRJ9,,J
5GE085,A332,A330 203,CF6-80E1A3,2,A332,A330-203,J
5GE085,B737,B737 7BC,CF6-80E1A3,2,B737,B737W24,J
5PW075,A333,A330 322 F,PW4168,2,A333,A330-321,J
5PW076,B773,B777 3B5,PW4098,2,B773,B773RR92,J
5RR038,B752,B757 28A F,RB211-535E4,2,B752,B752WRR40,J
5RR038,B753,B757 33N,RB211-535E4-C,2,B753,B753RR,J
5RR038,T204,TU204 120,RB211-535E4,2,T204,,J
5RR039,B752,B757 223 F WL,RB211-535E4-B,2,B752,B752WRR40,J
5RR039,B753,B757 330 WL,RB211-535E4-B,2,B753,B753RR,J
5RR040,B772,B777 258 ER,TRENT 895,2,B772,B772RR92,J
6AL023,C750,CESSNA 750,AE3007C-1,2,C750,,J
6CM044,A319,A319 115,CFM56-5B7/P,2,A319,A319-114,J
7CM046,A343,A340 312,CFM56-5C3/F,4,A343,A340-313,J
7CM047,A343,A340 313,CFM56-5C4/P,4,A343,A340-313,J
7CM048,A318,A318 111,CFM56-5B8/P,2,A318,A318-112,J
7PW077,GALX,G200,PW306A-5,2,HA4T,,J
7PW078,C680,CESSNA 680 SOVEREIGN,PW306C,2,C680,,J
7PW078,C68A,CESSNA 680 LATITUDE,PW306C,2,C680,,J
7PW078,J328,DO328 310 JET,PW306B,2,E135,,J
7PW081,A333,A330 321,PW4164,2,A333,A330-321,J
7PW082,A332,A330 243F,PW4168A,2,A332,A330-223,J
7PW082,A333,A330 323,PW4168A,2,A333,A330-321,J
7PW083,A318,A318 121,PW6122,2,A318,A318-112,J
7PW084,A318,A318 122,PW6124A,2,A318,A318-112,J
8AL025,C750,CESSNA 750,AE3007C,2,C750,,J
8CM051,B736,B737 6D6,CFM56-7B26,2,B736,B73622,J
8CM051,B737,B737 783,CFM56-7B26,2,B737,B737W24,J
8CM051,B738,B737 8F2,CFM56-7B26,2,B738,B738W26,J
8CM051,B739,B737 9K2,CFM56-7B26,2,B739,B739ERW26,J
8CM051,E737,B737 7ES,CFM56-7B26,2,B737,,J
8IA009,A319,A319 133X,V2527M-A5,2,A319,A319-131,J
8IA010,A320,A320 233,V2527E-A5,2,A320,A320-232,J
8PW085,B721,B727 21,JT8D-7B/Q,3,B722,,J
8PW085,B722,B727 30C,JT8D-7/Q,3,B722,,J
8PW085,B732,B737 222,JT8D-7B,2,B732,B73215,J
8PW085,B741,B747 123 F SCD,JT8D-7A,4,B742,,J
8PW085,B74S,B747SP 21,JT8D-7A,4,B742,,J
8PW085,DC91,DC9 15F,JT8D-7,2,BA11,,J
8PW085,DC93,DC9 32,JT8D-7A,2,DC93,,J
8PW086,B74S,B747SP 94,JT9D-7,4,B742,,J
8PW087,B741,B747 132 F SCD,JT9D-7AD,4,B742,,J
8PW087,B742,B747 246F,JT9D-7AW,4,B742,B742RR,J
8PW087,B74R,B747SR 46 F SCD,JT9D-7A,4,B742,,J
8PW087,B74S,B747SP 31,JT9D-7A,4,B742,,J
8PW089,B772,B777 246 ER,PW4084,2,B772,B772RR92,J
8RR043,BA11,BAC 1 11 492GM,SPEY 511-14DW,2,BA11,,J
8RR044,A345,A340 541,TRENT 553,4,A345,A340-541,J
8RR044,A346,A340 642,TRENT 553,4,A346,A340-642,J
8RR045,A345,A340 542,TRENT 556,4,A345,A340-541,J
8RR045,A346,A340 642HGW,TRENT 556-61,4,A346,A340-642,J
9EA001,A388,A380 861,GP7270,4,A388,A380-861,J
9GE124,B772,B777 236,GE90-76B,2,B772,B772RR92,J
9GE126,B772,B777 236 ER,GE90-85B,2,B772,B772RR92,J
9GE127,B772,B777 224 ER,GE90-90B,2,B772,B772RR92,J
9GE128,B772,B777 206 ER,GE90-94B,2,B772,B772RR92,J
9PW093,A333,A330 323X,PW4168-1D,2,A333,A330-321,J
AE2100A on Saab 2000,SB20,SAAB 2000,GMA2100A,2,SB20,,T
AE300,DA42,DA42 TWIN STAR,AE300,2,DA42,,P
AE300,DA62,DA62,AE300,2,DA62,,P
AI-24VT,AN12,AN12B,AI-20M,4,AN12,,T
AI-24VT,AN24,AN24T,AI-24VT,2,AN24,,T
AI-24VT,AN26,AN26,AI-24VT,2,AN30,,T
AI-24VT,AN30,AN30,AI-24VT,2,AN30,,T
AI-24VT,AN32,AN32,AI-20D,2,AN32,,T
AI-24VT,IL18,IL18D,AI-20M,4,AN12,,T
AI-24VT,YK40,YAK 40K,AI-25,3,YK40,,J
BIZHEAVYPROP_F,AN12,Y8F 200W,WJ-6,4,AN12,,T
BIZHEAVYPROP_F,AN22,AN22A,NK-12MA,4,AN12,,T
BIZHEAVYPROP_F,AN24,Y7 100C,WJ-5A-1,2,AN24,,T
BIZHEAVYPROP_F,AN70,AN70,D-27,4,C130,,T
BIZHEAVYPROP_F,BELF,SC5 BELFAST,TYNE 515-101W,4,C130,,T
BIZHEAVYPROP_F,DHC5,DHC5D,CT64-820-4,2,AN30,,T
BIZHEAVYPROP_F,N262,N262A 32,BASTAN VII,2,JS41,,T
BIZLIGHTJET_F,C25B,CESSNA 525B CJ3,FJ44-3A,2,C25B,,J
BIZLIGHTJET_F,C25C,CESSNA 525C CJ4,FJ44-4A,2,C25C,,J
BIZLIGHTJET_F,C56X,CESSNA 5,0,2,C56X,,J
BIZLIGHTJET_F,FA20,FALCON 20G,ATF3-6-2C,2,FA20,,J
BIZLIGHTJET_F,HDJT,HONDA JET,HF120,2,HDJT,,J
BIZLIGHTJET_F,MS76,MS760 PARIS II,MARBORE VI-C2,2,EA50,,J
BIZLIGHTPROP_F,AN28,PZL MIELEC AN28,TVD-10B,2,AN28,,T
BIZLIGHTPROP_F,AN3,AN 3T,TVD-20,1,Q9,,T
BIZLIGHTPROP_F,BN2P,BN2T,250-B17C,2,DA62,,P
BIZLIGHTPROP_F,C30J,C130J 30,AE2100-D3,4,C30J,,T
BIZLIGHTPROP_F,DH3T,DHC3 TURBO,ASH-621-M18,1,P750,,T
BIZLIGHTPROP_F,E500,EA500,250-B17F/2,1,E500,,T
BIZLIGHTPROP_F,NOMA,N24A,250-B17C,2,BE99,,T
BIZLIGHTPROP_F,P68T,AP68TP 600,250-B17C,2,K100,,T
BIZMEDIUMJET_F,F2TH,FALCON 2000,CFE738-1-1B,2,F2TH,,J
CF34-10E,E190,EMB190 100IGW F,CF34-10E,2,E190,EMB-190STD,J
CF700-2D,FA20,FALCON 20DC,CF700-2D2,2,FA20,,J
CF700-2D,SBR2,SABRE 75A,CF700-2D2,2,SBR1,,J
CJ610-6,LJ24,LEARJET 24D,CJ610-6,2,LJ25,,J
CJ610-6,LJ25,LEARJET 25C,CJ610-6,2,LJ25,,J
CT7-5A2,CN35,CN235 300,CT7-7A,2,DH8A,,T
CT7-5A2,SF34,SF340A,CT7-5A2,2,SF34,,T
CT7-9B,CN35,CN235MP,CT7-9C,2,DH8A,,T
CT7-9B,SF34,SAAB 340B,CT7-9B,2,SF34,,T
Centurion 4.0,DA42,DA42 TWIN STAR,CENTURION 1.7,2,DA42,,P
DART 514,A748,BAE748 105 SRS 1,DART 514,2,F27,,T
DART 552,A748,BAE748 244 2,DART 550-2,2,F27,,T
IO-320-DIAD,PA30,PA30 160B,IO-320-B1A,2,PA34,,P
IO-360-A1B6,BE95,BEECH D95A,IO-360-B1B,2,BE76,,P
IO-360-A1B6,C337,CESSNA 337F,IO-360-C,2,DA42,,P
IO-360-A1B6,P68,P68C,IO-360-A1B6,2,BE76,,P
IO-360-A1B6,PA34,PA34 200,IO-360-C1E6,2,PA34,,P
IO-540-T4A5D,AC50,RC500U,IO-540-E1A5,2,DA62,,P
IO-540-T4A5D,AC6L,RC680FL,IGSO-540-B1A,2,C414,,P
IO-540-T4A5D,AEST,AEROSTAR 602P,IO-540-A1A5,2,BE58,,P
IO-540-T4A5D,BE80,BEECH 65 88,IGSO-540-A1D,2,C414,,P
IO-540-T4A5D,BN2P,BN2B 21,IO-540-K1B5,2,DA62,,P
IO-540-T4A5D,C310,CESSNA 310R,IO-540-MB,2,C310,,P
IO-540-T4A5D,C320,CESSNA 320E,TSIO-470-B,2,PA34,,P
IO-540-T4A5D,DO28,DO28D 2,IGSO-540-A1E,2,DA62,,P
IO-540-T4A5D,GA8,GA 8,IO-540-K1A5,1,DA50,,P
IO-540-T4A5D,PA27,PA23 250E,IO-540-C4B5,2,PA27,,P
IO-540-T4A5D,PA31,PA31P 425,TIGO-541-E1A,2,PA31,,P
IO-550-B,BE58,BEECH 58,IO-550-C,2,BE58,,P
IO-550-B,E400,EA400,TSIOL-550-C Voyager,1,PA46,,P
IO-550-B,Y11,Y11,TSIO-550-B,2,C414,,P
O-320-E2A,GA7,GA7,O-320-D1D,2,PA44,,P
O-320-E2A,PA23,PA23 160,O-320-B2B,2,DA42,,P
O-360-A3A,BE76,BEECH 76,O-360-A1G6D,2,BE76,,P
O-360-A3A,BE95,BEECH 95,O-360-A1A,2,BE76,,P
O-360-A3A,PA23,PA23 180,O-360-A1D,2,DA42,,P
O-360-A3A,PA44,PA44 180,O-360-E1A6D,2,PA44,,P
O-540-J3C5D,AC50,RC500,O-540-A2B,2,DA62,,P
O-540-J3C5D,BN2P,BN2B 27,O-540-E4C5,2,DA62,,P
O-540-J3C5D,PA27,PA23 250B,O-540-A1D5,2,PA27,,P
O-540-J3C5D,TRIS,BN2A III 2,O-540-E4C5,3,C206,,P
PT6A-11,PAY1,PA31T I,PT6A-11,2,PAY1,,T
PT6A-112,C425,CESSNA 425,PT6A-112,2,F406,,T
PT6A-112,F406,CESSNA F406 II,PT6A-112,2,F406,,T
PT6A-114,C208,CESSNA 208,PT6A-114,1,C208,,T
PT6A-114A,C208,CESSNA 208B,PT6A-114A,1,C208,,T
PT6A-135A,BE9L,BEECH C90GTI,PT6A-135A,2,BE9L,,T
PT6A-135A,BE9T,BEECH F90 1,PT6A-135A,2,BE9L,,T
PT6A-135A,C208,CESSNA 208B 5000,PT6A-140,1,C208,,T
PT6A-135A,C21T,CESSNA 421C TURBO,PT6A,2,PAY1,,T
PT6A-135A,DH3T,DHC3 TURBO,PT6A-135A,1,P750,,T
PT6A-135A,E121,EMB121AN,PT6A-135,2,MU2,,T
PT6A-135A,PAY2,PA31T II XL,PT6A-135,2,PAY2,,T
PT6A-20,BE99,BEECH 99,PT6A-20,2,BE99,,T
PT6A-20,BE9L,BEECH E90,PT6A-20A,2,BE9L,,T
PT6A-20,DH2T,DHC2 TURBO,PT6A-20,1,K100,,T
PT6A-20,DHC6,DHC6 200,PT6A-20,2,DHC6,,T
PT6A-20,PC6T,PC6 B1 H2,PT6A-20,1,C208,,T
PT6A-20,U21,BEECH U 21G,PT6A-20,2,F406,,T
PT6A-21,BE9L,BEECH C90B,PT6A-21,2,BE9L,,T
PT6A-25C,PC7,PC7,PT6A-25A,1,C208,,T
PT6A-27,BE99,BEECH 99,PT6A-27,2,BE99,,T
PT6A-27,DH2T,DHC2 TURBO III,PT6A-27,1,K100,,T
PT6A-27,DHC6,DHC6 400,PT6A-27,2,DHC6,,T
PT6A-27,E110,EMB110B1,PT6A-27,2,D228,,T
PT6A-27,L410,L410MA,PT6A-27,2,L410,,T
PT6A-27,PC6T,PC6 B2 H4,PT6A-27,1,C208,,T
PT6A-28,BE10,BEECH A100,PT6A-28,2,F406,,T
PT6A-28,BE9L,BEECH E90,PT6A-28,2,BE9L,,T
PT6A-28,E121,EMB121,PT6A-28,2,MU2,,T
PT6A-28,PAY1,PA31T I,PT6A-28,2,PAY1,,T
PT6A-28,PAY2,PA31T II,PT6A-28,2,PAY2,,T
PT6A-34,ARVA,IAI101 201,UNKNOWN,2,DHC6,,T
PT6A-34,E110,EMB110P2,PT6A-34,2,D228,,T
PT6A-34,G73T,G73 TURBO,PT6A-34,2,DHC6,,T
PT6A-34,K100,KODIAK 100,PT6A-34,1,K100,,T
PT6A-34,P46T,PA 46 350P JETPROP DLX,PT6A-34,1,C208,,T
PT6A-34,P750,PAC750,PT6A-34,1,P750,,T
PT6A-36,BE99,BEECH C99,PT6A-36,2,BE99,,T
PT6A-41,BE20,BEECH 200,PT6A-41,2,BE20,,T
PT6A-41,PAY3,PA42 720 III,PT6A-41,2,PAY3,,T
PT6A-42,BE20,BEECH B200GT,PT6A-42,2,BE20,,T
PT6A-42,M600,PA46-600TP,PT6A-42A,1,TBM7,,T
PT6A-42,P46T,PA 46 500TP,PT6A-42A,1,P46T,,T
PT6A-42,PA46,PA 46 500TP,PT6A-52,1,TBM7,,T
PT6A-45R,DC3T,DC3TP,PT6A-45R,2,SH36,,T
PT6A-45R,SH33,SD330 100,PT6A-45R,2,SH36,,T
PT6A-50,DHC7,DHC7 102,PT6A-50,4,AN30,,T
PT6A-60A,B350,BEECH 350 B300,PT6A-60A,2,B350,,T
PT6A-60A,BE30,BEECH 300LW,PT6A-60A,2,BE30,,T
PT6A-61,BE30,BEECH 300,PT6A-61A,2,BE30,,T
PT6A-61,PAY3,PA42 720 IIIA,PT6A-61,2,PAY3,,T
PT6A-62,PC9,PC9B,PT6A-62,1,TEX2,,T
PT6A-64,TBM7,TBM 700,PT6A-64,1,TBM7,,T
PT6A-64,TBM8,TBM 850,PT6A-64,1,TBM8,,T
PT6A-64,TBM9,TBM 900,PT6A-64,1,TBM9,,T
PT6A-65AR,DC3T,DC 3TP,PT6A-65AR,2,SH36,,T
PT6A-65AR,SH36,SD360 200,PT6A-65AR,2,SH36,,T
PT6A-65B,AN28,PZL MIELEC M28,PT6A-65B,2,AN28,,T
PT6A-65B,B190,BEECH 1900C 1,PT6A-65B,2,B190,,T
PT6A-65B,G222,G222 C 27J,UNKNOWN,2,F27,,T
PT6A-65R,AT8T,AT802,PT6A-65R,1,PC12,,T
PT6A-65R,C408,CESSNA 408,PT6A-65SC,2,AN38,,T
PT6A-65R,SH33,SD330 100,PT6A-65R,2,SH36,,T
PT6A-65R,SH36,SD360 100,PT6A-65R,2,SH36,,T
PT6A-66,P180,P180 AVANTI II,PT6A-66B,2,P180,,T
PT6A-67,BE20,BEECH RC 12P,PT6A-,2,BE20,,T
PT6A-67,DC3T,DC3TP C 47B 1 DK,PT6A-67,2,SH36,,T
PT6A-67A,B350,BEECH 350 B300,PT6A-67A,2,B350,,T
PT6A-67A,EPIC,EPIC LT,PT6A-67A,1,TBM8,,T
PT6A-67A,STAR,BEECH 2000 STARSHIP 1A,PT6A-67A,2,P1HH,,T
PT6A-67AF,S2T,CONAIR TURBO FIRECAT S2,PT6A-67AF,2,SH36,,T
PT6A-67AG,AT8T,AT802,PT6A-67AG,1,PC12,,T
PT6A-67B,PC12,PC12 47E,PT6A-67B,1,PC12,,T
PT6A-67D,B190,BEECH 1900D,PT6A-67D,2,B190,,T
PT6A-67R,AT8T,AT802A,PT6A-67R,1,PC12,,T
PT6A-67R,DC3T,BASLER TURBO 67 DC3 TURBO,PT6A-67R,2,SH36,,T
PT6A-67R,SH36,SD360 300,PT6A-67R,2,SH36,,T
PT6A-68,PC12,PC21,PT6A-68B,1,PC12,,T
PW118,E120,EMB120RT,PW118,2,E120,,T
PW118A,E120,EMB120ER,PW118A,2,E120,,T
PW119B,D328,DO328 110,PW119B,2,D328,,T
PW119C,D328,DO328 110,PW119C,2,D328,,T
PW120,AT43,ATR42 300,PW120,2,AT43,ATR42-300,T
PW120,AT44,ATR42M 200,PW120,2,AT45,ATR42-400,T
PW120A,DH8A,DHC8 102A,PW120A,2,DH8A,,T
PW121,AT43,ATR42 320 F,PW121,2,AT43,ATR42-320,T
PW121,AT44,ATR42 420MP,PW121,2,AT45,ATR42-400,T
PW121,DH8A,DHC8 103B,PW121,2,DH8A,,T
PW121,DH8C,DHC8 311B,PW121,2,DH8C,,T
PW121A,AT44,ATR42 420,PW121A,2,AT45,ATR42-400,T
PW123,CL2T,CL215 6B11 CL415,PW123AF,2,F27,,T
PW123,DH8C,DHC8 311Q,PW123,2,DH8C,,T
PW123B,DH8B,DHC8 202,PW123B,2,DH8C,,T
PW123B,DH8C,DHC8 311Q,PW123B,2,DH8C,,T
PW123C,DH8B,DHC8 202Q,PW123C,2,DH8C,,T
PW123C,DH8C,DHC8 314Q,PW123C,2,DH8C,,T
PW123D,DH8B,DHC8 202Q,PW123D,2,DH8C,,T
PW123D,DH8C,DHC8 315,PW123D,2,DH8C,,T
PW123E,DH8C,DHC8 315,PW123E,2,DH8C,,T
PW124B,AT72,ATR72 202,PW124B,2,AT72,ATR72-200,T
PW124B,AT73,ATR72 210,PW124B,2,AT73,ATR72-210,T
PW125B,F50,FOKKER 50,PW125B,2,F50,,T
PW126A,ATP,ATP F,PW126,2,ATP,,T
PW127,AT46,ATR42 600,PW127M,2,AT45,,T
PW127,AT72,ATR72 202,PW127,2,AT72,ATR72-200,T
PW127,AT73,ATR72 212,PW127,2,AT73,ATR72-210,T
PW127,AT75,ATR72 212A,PW127,2,AT75,ATR72-500,T
PW127,AT76,ATR72 600,PW127M,2,AT76,ATR72-600,T
PW127,F50,FOKKER 50,PW127,2,F50,,T
PW127,MA60,MA60,PW127J,2,F27,,T
PW127B,F50,FOKKER 50,PW127B,2,F50,,T
PW127B,F60,FOKKER 60 0604MPA,PW127B,2,F50,,T
PW127E,AT44,ATR42 420MP,PW127E,2,AT45,ATR42-400,T
PW127E,AT45,ATR42 500,PW127E,2,AT45,ATR42-500,T
PW127F,AT75,ATR72 212A,PW127F,2,AT75,ATR72-500,T
PW127F,AT76,ATR72 600,PW127F,2,AT76,ATR72-600,T
PW150A,AN32,AN132D,PW150,2,AN32,,T
PW150A,DH8D,DHC8 402Q,PW150A,2,DH8D,,T
PW307B,H25C,BAE125 1000,PW305B,2,H25B,,J
PW530,C550,CESSNA 550 BRAVO,PW530A,2,C550,,J
PW530,C560,CESSNA 560 ENCORE,PW535B,2,C560,,J
PW530,C56X,CESSNA 560 XLS,PW545B,2,C56X,,J
PW530,E55P,PHENOM 300,PW535,2,E55P,EMB-505,J
PW610F,C510,CESSNA 510 MUSTANG,PW615F-A,2,C510,,J
PW610F,E50P,PHENOM 100,PW617F,2,E50P,EMB-500,J
PW610F,EA50,ECLIPSE 500,PW610F,2,EA50,,J
Prop-200hp,DA42,DA42 TWIN STAR,AUSTRO,2,DA42,,P
Prop-300hp,AC50,RC500A,IO-470-M,2,DA62,,P
Prop-300hp,AC56,RC560,GO-435-C,2,C340,,P
Prop-300hp,BE55,BEECH 95 B55,IO-470-L,2,BE55,,P
Prop-300hp,C310,CESSNA 310Q,IO-470-VO,2,C310,,P
Prop-300hp,L200,L200D,M337,2,BE76,,P
Prop-300hp,PA34,M 20 MEWA,F6A-350-C1,2,PA34,,P
Prop-500hp,AC68,RC680FP,IO-720-B1A,2,C421,,P
Prop-500hp,AC6L,RC680FLP,IO-720-B1A,2,C414,,P
Prop-500hp,BE18,BEECH 3NM,R-985,2,DA62,,P
Prop-500hp,BE50,BEECH D50A,GO-480,2,C414,,P
Prop-500hp,BE65,BEECH A65 8200,IO-720-A1B,2,C414,,P
Prop-500hp,DHC2,DHC2,R-985,1,C188,,P
Prop-500hp,G21,G21,R-985,2,DA62,,P
Prop>500hp,AN2,AN2,ASH-621R,1,C188,,P
Prop>500hp,B26,A26B INVADER,R-2800,2,S2P,,P
Prop>500hp,C97,KC97L,R-4360,4,C30J,,T
Prop>500hp,CAT,PBY 5A CATALINA,R-1830-92S,2,S2P,,P
Prop>500hp,CL2P,CL215 1A10,R2800-CA3,2,S2P,,P
Prop>500hp,CONI,LOCKHEED C 121,WRIGHT R-3350,4,C160,,T
Prop>500hp,DC3,DC3 C 47B 45 DK,R-1830,2,S2P,,P
Prop>500hp,DC6,DC6B,R-2800,4,C160,,T
Prop>500hp,DHC4,DHC4A,R-2000-D5,2,S2P,,P
Prop>500hp,DOVE,DH104 DOVE 8,GIPSY QUEEN 70-4,2,DA62,,P
Prop>500hp,HERN,DH114 HERON 2,GIPSY QUEEN 20-3,4,S2P,,P
Prop>500hp,JU52,JU52 3M,R-1340,3,S2P,,P
Prop>500hp,P2,P2V 5 P 2E NEPTUNE,R-3350-32WA,2,F27,,T
Prop>500hp,S2P,CONAIR FIRECAT CS2F 1,R-982-C9HE2,2,S2P,,P
Prop>500hp,U16,G111,WRIGHT R-1820-C9HE3,2,S2P,,P
RDa.7,A748,BAE748 208 2A,DART 533-2,2,F27,,T
RDa.7,F27,F27 600,DART 532-7,2,F27,,T
RDa.7,G159,G159 GULFSTREAM I,DART 529-8X,2,AT43,,T
Rotax 912S,P06T,P2006T,912S3,2,P06T,,P
SPEY MK511-8,GLF2,G1159 SP,SPEY 511-8,2,GLF2,,J
SPEY MK511-8,GLF3,G1159A,SPEY 511-8,2,GLF2,,J
T56-A-14,C130,C130A,T56-A,4,C130,,T
T56-A-14,P3,P 3C II ORION,T56-A,4,AN12,,T
T56-A-15,C130,VC 130H,T56A-15,4,C130,,T
T56-A-15,P3,WP3D ORION,T56-A,4,AN12,,T
TIO-540-J2B2,AEST,PA60 602P,TIO-540-AA1A5,2,BE58,,P
TIO-540-J2B2,BE56,BEECH 56TC,TIO-541,2,C340,,P
TIO-540-J2B2,BE60,BEECH B60,TIO-541-E1A4,2,C414,,P
TIO-540-J2B2,GA8,GA 8 TC 320,TIO-540-AH1A,1,DA50,,P
TIO-540-J2B2,P212,P2012 TRAVELLER,TEO 540C1A,2,C310,,P
TIO-540-J2B2,P46T,PA 46R 350T,T10-540-AE2A,1,P46T,,T
TIO-540-J2B2,PA27,PA23 250E TURBO,TIO-540-C1A,2,PA27,,P
TIO-540-J2B2,PA31,PA31 350,TIO-540-J2BD,2,PA31,,P
TIO-540-J2B2,PA46,PA 46 350P,T10-540-AE2A,1,PA46,,P
TPE331-1,JS31,BAE3102,TPE331-1-UGR-514H,2,JS32,,T
TPE331-1,L410,L410UVP E,M601E,2,L410,,T
TPE331-10,D228,DO228 212,UNKNOWN,2,D228,,T
TPE331-10A,C212,C212 200,TPE331-10-501C,2,JS32,,T
TPE331-10A,MU2,MU 2B 26A MU 2P,TPE331-10-511M,2,MU2,,T
TPE331-10G,D228,DO228 212,TPE331-10GP,2,D228,,T
TPE331-10R,C212,C212 300,TPE331-10R-513C,2,JS32,,T
TPE331-10R,JS31,BAE3102,TPE331-10UR-513H,2,JS32,,T
TPE331-10U,JS31,BAE3102,TPE331-10UR-516H,2,JS32,,T
TPE331-10U,SW3,SA 226T MERLIN IIIB,TPE331-10U-501H,2,MU2,,T
TPE331-10UA,SW4,SA 226TC METRO II,TPE331-10UA-511G,2,SW4,,T
TPE331-10UG,JS31,BAE3112,TPE331-10UGR-516H,2,JS32,,T
TPE331-10UG,SW3,SA 226T MERLIN IIIB,TPE331-10U-512G,2,MU2,,T
TPE331-10UK,AC95,RC695 GULFSTREAM 1000,TPE331-10-501K,2,PAY3,,T
TPE331-11U-601G,SW4,SA 227AC METRO III,TPE331-11U-612G,2,SW4,,T
TPE331-12,SW4,SA 227DC METRO 23,TPE331-12U-701G,2,SW4,,T
TPE331-12UA,D228,DO228 201,TPE331-12UAR-701H,2,D228,,T
TPE331-12UA,JS32,BAE3201,TPE331-12UAR-704H,2,JS32,,T
TPE331-12UA,SW4,SA 227BC METRO III,TPE331-12UAR-701G,2,SW4,,T
TPE331-12UHR,JS32,BAE3201,TPE331-12UHR-701H,2,JS32,,T
TPE331-14B,EGRT,520T,TPE331-14F-801L,1,Q9,,T
TPE331-14B,PAY4,PA42 1000 400LS,TPE331-14-801A/B,2,P180,,T
TPE331-14GR,JS41,BAE4101,TPE331-14HR-805H,2,JS41,,T
TPE331-15AW,MU2,MU 2B 20 MU 2F,TPE331-1-151A,2,MU2,,T
TPE331-15AW,SW2,SA26AT MERLIN IIB,TPE331-1-151G,2,BE9L,,T
TPE331-2,MU2,MU 2C LR 1,TPE331-25A,2,MU2,,T
TPE331-2,SC7,SC7 SKYVAN 3 200,TPE331-2-201A,2,L410,,T
TPE331-3U,AC80,RC680V,TPE331-43,2,BE99,,T
TPE331-3U,SW3,SA 226T MERLIN IIIA,TPE331-3U-303G,2,MU2,,T
TPE331-3U,SW4,SA 226AT MERLIN IVA,TPE331-3U-303G,2,SW4,,T
TPE331-3W,SW3,SA 226T MERLIN IIIA,TPE331-3UW-303G,2,MU2,,T
TPE331-3W,SW4,SA 226TC METRO II,TPE331-3UW-303G,2,SW4,,T
TPE331-5A,AC90,RC690A,TPE331-5-251K,2,PAY2,,T
TPE331-5A,C212,C212M 100,TPE331-5-251C,2,JS32,,T
TPE331-5A,D228,DO228 212NG,TPE331-5A-252D,2,D228,,T
TPE331-5A,MU2,MU 2B 26A MU 2P,TPE331-5-252M,2,MU2,,T
TPE331-6,BE10,BEECH B100,TPE331-6-252B,2,F406,,T
TPE331-6,MU2,MU 2B 26 MU 2M,TPE331-6-251M,2,MU2,,T
TPE331-8,C441,CESSNA 441,TPE331-8-401S,2,PAY3,,T
TSIO-360C,C337,CESSNA T337H,TSIO-360-H,2,DA42,,P
TSIO-360C,P337,CESSNA P337G,TSIO-360-C,2,BE76,,P
TSIO-360C,P68,P68C TC,TO-360-C1A6D,2,BE76,,P
TSIO-360C,PA34,PA34 220T IV,TSIO-360-KB,2,PA34,,P
TSIO-360C,PA44,PA44 180,TO-360-E1A6D,2,PA44,,P
TSIO-520-WB,AC6L,RC685,GTSIO-520K,2,C414,,P
TSIO-520-WB,BE55,BEECH 95 E55,IO-520-C,2,BE55,,P
TSIO-520-WB,BE58,BEECH 58,IO-520-C,2,BE58,,P
TSIO-520-WB,C303,CESSNA T303,TSIO-520-AE,2,PA34,,P
TSIO-520-WB,C310,CESSNA 310R,IO-520-M,2,C310,,P
TSIO-520-WB,C335,CESSNA 335,TSIO-520-EB,2,C340,,P
TSIO-520-WB,C340,CESSNA 340A,TSIO-520-NB,2,C340,,P
TSIO-520-WB,C402,CESSNA 402B,TSIO-520-E,2,C402,,P
TSIO-520-WB,C404,CESSNA 404 II,GTSIO-520-M,2,C421,,P
TSIO-520-WB,C411,CESSNA 411A,GTSIO-520-C,2,C402,,P
TSIO-520-WB,C414,CESSNA 414A,TSIO-520-NB,2,C414,,P
TSIO-520-WB,C421,CESSNA 421C,GTSIO-520-N,2,C421,,P
