ICAO,NB_ENG,TYPE_ENG,BADA3,BADA4,BADA_TYPE,ENGINE_ID
A124,4,J,A124,,J,1ZM001
A140,2,T,A140,,T,13ZM004
A148,2,J,A148,,J,13ZM004
A178,2,J,E190,,J,13ZM003
A19N,2,J,A20N,,J,01P20CM128
A20N,2,J,A20N,A320-271N,J,01P20CM128
A21N,2,J,A21N,,J,01P22PW167
A225,6,J,A124,,J,1ZM001
A306,2,J,A306,A300B4-622,J,1PW048
A30B,2,J,A30B,A300B4-203,J,3GE074
A310,2,J,A310,A310-308,J,2GE040
A318,2,J,A318,A318-112,J,7CM048
A319,2,J,A319,A319-114,J,3CM027
A320,2,J,A320,A320-214,J,3CM026
A321,2,J,A321,A321-131,J,3IA008
A332,2,J,A332,A330-203,J,5GE085
A333,2,J,A333,A330-341,J,01P14RR102
A337,2,J,B788,,J,01P14RR102
A338,2,J,A339,,J,04P24RR146
A339,2,J,A339,,J,04P24RR146
A342,4,J,A342,A340-213,J,1CM010
A343,4,J,A343,A340-313,J,2CM015
A345,4,J,A345,A340-541,J,8RR044
A346,4,J,A346,A340-642,J,8RR045
A359,2,J,A359,A350-941,J,01P18RR124
A35K,2,J,A35K,,J,01P21RR125
A388,4,J,A388,A380-861,J,9EA001
A3ST,2,J,A3ST,A300B4-608ST,J,2GE040
A748,2,T,F27,,T,RDa.7
AC50,2,P,DA62,,P,IO-540-T4A5D
AC56,2,P,C340,,P,Prop-300hp
AC68,2,P,C421,,P,Prop-500hp
AC6L,2,P,C414,,P,TSIO-520-WB
AC80,2,T,BE99,,T,TPE331-3U
AC90,2,T,PAY2,,T,TPE331-5A
AC95,2,T,PAY3,,T,TPE331-10UK
AEST,2,P,BE58,,P,TIO-540-J2B2
AJ27,2,J,A148,,J,01P11GE202
AN12,4,T,AN12,,T,BIZHEAVYPROP_F
AN2,1,P,C188,,P,Prop>500hp
AN22,4,T,AN12,,T,BIZHEAVYPROP_F
AN24,2,T,AN24,,T,AI-24VT
AN26,2,T,AN30,,T,AI-24VT
AN28,2,T,AN28,,T,PT6A-65B
AN3,1,T,Q9,,T,BIZLIGHTPROP_F
AN30,2,T,AN30,,T,AI-24VT
AN32,2,T,AN32,,T,AI-24VT
AN70,4,T,C130,,T,BIZHEAVYPROP_F
AN72,2,J,F28,,J,13ZM002
ARVA,2,T,DHC6,,T,PT6A-34
ASTR,2,J,G150,,J,1AS002
AT43,2,T,AT43,ATR42-300,T,PW120
AT44,2,T,AT45,ATR42-400,T,PW127E
AT45,2,T,AT45,ATR42-500,T,PW127E
AT46,2,T,AT45,,T,PW127
AT72,2,T,AT72,ATR72-200,T,PW124B
AT73,2,T,AT73,ATR72-210,T,PW127
AT75,2,T,AT75,ATR72-500,T,PW127F
AT76,2,T,AT76,ATR72-600,T,PW127
AT8T,1,T,PC12,,T,PT6A-67R
ATP,2,T,ATP,,T,PW126A
B190,2,T,B190,,T,PT6A-67D
B26,2,P,S2P,,P,Prop>500hp
B350,2,T,B350,,T,PT6A-60A
B37M,2,J,B38M,,J,01P20CM136
B38M,2,J,B38M,,J,01P20CM136
B39M,2,J,B39M,,J,01P20CM140
B3XM,2,J,B39M,,J,01P20CM140
B461,4,J,B462,,J,1TL003
B462,4,J,B462,,J,1TL003
B463,4,J,B463,,J,1TL003
B701,4,J,B703,,J,1PW001
B703,4,J,B703,,J,1PW001
B712,2,J,B712,B712HGW21,J,4BR005
B721,3,J,B722,,J,8PW085
B722,3,J,B722,,J,4PW070
B732,2,J,B732,B73215,J,1PW012
B733,2,J,B733,B73320,J,1CM004
B734,2,J,B734,B73423,J,1CM007
B735,2,J,B735,B73518,J,1CM007
B736,2,J,B736,B73622,J,8CM051
B737,2,J,B737,B737W24,J,3CM032
B738,2,J,B738,B738W26,J,3CM032
B739,2,J,B739,B739ERW26,J,01P11CM121
B741,4,J,B742,,J,8PW087
B742,4,J,B742,B742RR,J,1RR007
B743,4,J,B743,B743PW,J,3GE077
B744,4,J,B744,B744GE,J,4RR036
B748,4,J,B748,B748F,J,11GE139
B74R,4,J,B742,,J,2GE041
B74S,4,J,B742,,J,1RR006
B752,2,J,B752,B752WRR40,J,5RR039
B753,2,J,B753,B753RR,J,5RR039
B762,2,J,B762,B762GE50,J,2GE046
B763,2,J,B763,B763ERGE61,J,12PW101
B764,2,J,B764,B764ER,J,2GE054
B772,2,J,B772,B772RR92,J,2RR027
B773,2,J,B773,B773RR92,J,2RR027
B779,2,J,B77W,,J,01P21GE217
B77L,2,J,B77L,B772LR,J,01P21GE217
B77W,2,J,B77W,B773ERGE115B,J,01P21GE217
B788,2,J,B788,B788GE67,J,12GE150
B789,2,J,B789,B789GE75,J,12GE150
B78X,2,J,B78X,,J,01P17GE210
BA11,2,J,BA11,,J,8RR043
BCS1,2,J,B736,,J,04P20PW196
BCS3,2,J,A318,,J,04P20PW197
BE10,2,T,F406,,T,TPE331-6
BE18,2,P,DA62,,P,Prop-500hp
BE20,2,T,BE20,,T,PT6A-42
BE30,2,T,BE30,,T,PT6A-60A
BE40,2,J,BE40,,J,1PW037
BE50,2,P,C414,,P,Prop-500hp
BE55,2,P,BE55,,P,Prop-300hp
BE56,2,P,C340,,P,TIO-540-J2B2
BE58,2,P,BE58,,P,TSIO-520-WB
BE60,2,P,C414,,P,TIO-540-J2B2
BE65,2,P,C414,,P,Prop-500hp
BE76,2,P,BE76,,P,O-360-A3A
BE80,2,P,C414,,P,IO-540-T4A5D
BE95,2,P,BE76,,P,O-360-A3A
BE99,2,T,BE99,,T,PT6A-20
BE9L,2,T,BE9L,,T,PT6A-135A
BE9T,2,T,BE9L,,T,PT6A-135A
BELF,4,T,C130,,T,BIZHEAVYPROP_F
BLCF,4,J,A346,,J,1PW042
BN2P,2,P,DA62,,P,BIZLIGHTPROP_F
C130,4,T,C130,,T,501 D13 alternative 2
C208,1,T,C208,,T,PT6A-135A
C212,2,T,JS32,,T,TPE331-5A
C21T,2,T,PAY1,,T,PT6A-135A
C25A,2,J,C25A,,J,1AS001
C25B,2,J,C25B,,J,BIZLIGHTJET_F
C25C,2,J,C25C,,J,BIZLIGHTJET_F
C25M,2,J,C525,,J,1AS001
C303,2,P,PA34,,P,TSIO-520-WB
C30J,4,T,C30J,,T,BIZLIGHTPROP_F
C310,2,P,C310,,P,TSIO-520-WB
C320,2,P,PA34,,P,IO-540-T4A5D
C335,2,P,C340,,P,TSIO-520-WB
C337,2,P,DA42,,P,IO-360-A1B6
C340,2,P,C340,,P,TSIO-520-WB
C402,2,P,C402,,P,TSIO-520-WB
C404,2,P,C421,,P,TSIO-520-WB
C408,2,T,AN38,,T,PT6A-65R
C411,2,P,C402,,P,TSIO-520-WB
C414,2,P,C414,,P,TSIO-520-WB
C421,2,P,C421,,P,TSIO-520-WB
C425,2,T,F406,,T,PT6A-112
C441,2,T,PAY3,,T,TPE331-8
C500,2,J,C551,,J,1PW035
C501,2,J,C551,,J,1PW035
C510,2,J,C510,,J,PW610F
C525,2,J,C525,,J,1AS001
C550,2,J,C550,,J,PW530
C551,2,J,C551,,J,1PW036
C560,2,J,C560,,J,PW530
C56X,2,J,C56X,,J,PW530
C650,2,J,C650,,J,1AS002
C680,2,J,C680,,J,7PW078
C68A,2,J,C680,,J,7PW078
C700,2,J,C700,,J,01P18HN013
C750,2,J,C750,,J,6AL023
C97,4,P,C30J,,T,Prop>500hp
CAT,2,P,S2P,,P,Prop>500hp
CL2P,2,P,S2P,,P,Prop>500hp
CL2T,2,T,F27,,T,PW123
CL30,2,J,CL30,,J,01P14HN011
CL60,2,J,CL60,,J,01P05GE189
CN35,2,T,DH8A,,T,CT7-9B
CONI,4,P,C160,,T,Prop>500hp
CRJ1,2,J,CRJ1,,J,1GE035
CRJ2,2,J,CRJ2,,J,01P05GE189
CRJ7,2,J,CRJ9,,J,5GE083
CRJ9,2,J,CRJ9,,J,01P08GE190
CRJX,2,J,CRJX,,J,01P08GE193
CVLT,2,T,ATP,,T,501 D13 alternative 2
D228,2,T,D228,,T,TPE331-5A
D328,2,T,D328,,T,PW119B
DA42,2,P,DA42,,P,Centurion 4.0
DA62,2,P,DA62,,P,AE300
DC10,3,J,DC10,,J,3GE073
DC3,2,P,S2P,,P,Prop>500hp
DC3T,2,T,SH36,,T,PT6A-65AR
DC6,4,P,C160,,T,Prop>500hp
DC85,4,J,B703,,J,1PW001
DC86,4,J,DC87,,J,1PW002
DC87,4,J,DC87,,J,1CM002
DC91,2,J,BA11,,J,8PW085
DC92,2,J,A158,,J,1PW008
DC93,2,J,DC93,,J,1PW006
DC95,2,J,B712,,J,1PW012
DH2T,1,T,K100,,T,PT6A-20
DH3T,1,T,P750,,T,BIZLIGHTPROP_F
DH8A,2,T,DH8A,,T,PW121
DH8B,2,T,DH8C,,T,PW123C
DH8C,2,T,DH8C,,T,PW123
DH8D,2,T,DH8D,,T,PW150A
DHC2,1,P,C188,,P,Prop-500hp
DHC4,2,P,S2P,,P,Prop>500hp
DHC5,2,T,AN30,,T,BIZHEAVYPROP_F
DHC6,2,T,DHC6,,T,PT6A-27
DHC7,4,T,AN30,,T,PT6A-50
DO28,2,P,DA62,,P,IO-540-T4A5D
DOVE,2,P,DA62,,P,Prop>500hp
E110,2,T,D228,,T,PT6A-34
E120,2,T,E120,,T,PW118
E121,2,T,MU2,,T,PT6A-135A
E135,2,J,E135,EMB-135LR,J,01P06AL034
E145,2,J,E145,EMB-145ER,J,01P06AL028
E170,2,J,E170,EMB-170AR,J,01P08GE197
E190,2,J,E190,EMB-190LR,J,11GE144
E195,2,J,E195,EMB-195LR,J,11GE144
E290,2,J,E290,,J,04P20PW200
E295,2,J,B736,,J,04P20PW200
E35L,2,J,E35L,EMB-135BJ-Legacy600,J,01P06AL034
E3CF,4,J,DC87,,J,1CM001
E400,1,P,PA46,,P,IO-550-B
E500,1,T,E500,,T,BIZLIGHTPROP_F
E50P,2,J,E50P,EMB-500,J,PW610F
E545,2,J,E545,,J,01P14HN016
E550,2,J,E550,,J,01P14HN016
E55P,2,J,E55P,EMB-505,J,PW530
E6,4,J,DC87,,J,1PW001
E737,2,J,B737,,J,8CM051
E75L,2,J,E75L,EMB-175LR,J,01P08GE197
E75S,2,J,E75S,EMB-175STD,J,01P08GE197
EA50,2,J,EA50,,J,PW610F
EGRT,1,T,Q9,,T,TPE331-14B
EPIC,1,T,TBM8,,T,PT6A-67A
F100,2,J,F100,F100-650,J,3RR031
F27,2,T,F27,,T,RDa.7
F28,2,J,F28,,J,4RR035
F2TH,2,J,F2TH,,J,01P07PW146
F406,2,T,F406,,T,PT6A-112
F50,2,T,F50,,T,PW125B
F60,2,T,F50,,T,PW127B
F60,2,T,F50,,T,PW127B
F70,2,J,F70,F70-620,J,1RR020
F900,3,J,F900,,J,1AS002
FA10,2,J,FA10,,J,1AS001
FA20,2,J,FA20,,J,CF700-2D
FA50,3,J,FA50,,J,1AS002
FA5X,2,J,GLF2,,J,01P22PW141
FA7X,3,J,FA7X,,J,03P16PW192
FA8X,3,J,FA7X,,J,03P15PW193
G150,2,J,G150,,J,1AS002
G159,2,T,AT43,,T,RDa.7
G21,2,P,DA62,,P,Prop-500hp
G222,2,T,F27,,T,PT6A-65B
G280,2,J,G280,,J,01P11HN012
G73T,2,T,DHC6,,T,PT6A-34
GA5C,2,J,GLF5,,J,01P22PW141
GA6C,2,J,GLF5,,J,01P22PW142
GA7,2,P,PA44,,P,O-320-E2A
GA8,1,P,DA50,,P,IO-540-T4A5D
GALX,2,J,HA4T,,J,7PW077
GL5T,2,J,GL5T,,J,01P04BR013
GL7T,2,J,GLEX,,J,01P11BR016
GLEX,2,J,GLEX,,J,01P04BR013
GLF2,2,J,GLF2,,J,SPEY MK511-8
GLF3,2,J,GLF2,,J,SPEY MK511-8
GLF4,2,J,CRJ9,,J,11RR048
GLF5,2,J,GLF5,,J,4BR008
GLF6,2,J,GLEX,,J,01P11BR016
GSPN,2,J,C550,,J,1AS001
H25A,2,J,H25A,,J,1AS002
H25B,2,J,H25B,,J,1AS002
H25C,2,J,H25B,,J,PW307B
HA4T,2,J,HA4T,,J,01P07PW145
HDJT,2,J,HDJT,,J,BIZLIGHTJET_F
HERN,4,P,S2P,,P,Prop>500hp
IL18,4,T,AN12,,T,AI-24VT
IL62,4,J,DC87,,J,1AA003
IL76,4,J,IL76,,J,1AA002
IL86,4,J,IL86,,J,1KK003
IL96,4,J,IL96,,J,13AA006
J328,2,J,E135,,J,7PW078
JCOM,2,J,H25A,,J,1AS002
JS31,2,T,JS32,,T,TPE331-1
JS32,2,T,JS32,,T,TPE331-12UA
JS41,2,T,JS41,,T,TPE331-14GR
JU52,3,P,S2P,,P,Prop>500hp
K100,1,T,K100,,T,PT6A-34
K35E,4,J,B703,,J,1CM002
K35R,4,J,B703,,J,1CM001
L101,3,J,L101,,J,1RR005
L188,4,T,AN12,,T,501 D13 alternative 2
L200,2,P,BE76,,P,Prop-300hp
L29A,4,J,CL60,,J,1AS002
L29B,4,J,CL60,,J,1AS002
L410,2,T,L410,,T,TPE331-1
LJ24,2,J,LJ25,,J,1AS002
LJ25,2,J,LJ25,,J,1AS002
LJ31,2,J,BE40,,J,1AS001
LJ35,2,J,LJ35,,J,1AS001
LJ40,2,J,LJ45,,J,1AS002
LJ45,2,J,LJ45,,J,1AS002
LJ55,2,J,LJ60,,J,1AS002
LJ60,2,J,LJ60,,J,03P16PW192
LJ70,2,J,LJ75,,J,1AS002
LJ75,2,J,LJ75,,J,1AS002
M600,1,T,TBM7,,T,PT6A-42
MA60,2,T,F27,,T,PW127
MD11,3,J,MD11,,J,2GE049
MD81,2,J,MD82,MD808120,J,4PW070
MD82,2,J,MD82,MD808221,J,4PW070
MD83,2,J,MD83,MD808321,J,4PW071
MD87,2,J,MD82,MD808720,J,4PW070
MD88,2,J,MD82,MD808821,J,4PW071
MD90,2,J,MD83,,J,1IA002
MRJ9,2,J,A148,,J,01P22PW169
MS76,2,J,EA50,,J,BIZLIGHTJET_F
MU2,2,T,MU2,,T,TPE331-6
MU30,2,J,BE40,,J,1PW036
N262,2,T,JS41,,T,BIZHEAVYPROP_F
N262,2,T,JS41,,T,BIZHEAVYPROP_F
N262,2,T,JS41,,T,BIZHEAVYPROP_F
NOMA,2,T,BE99,,T,BIZLIGHTPROP_F
P06T,2,P,P06T,,P,Rotax 912S
P180,2,T,P180,,T,PT6A-66
P2,2,P,F27,,T,Prop>500hp
P212,2,P,C310,,P,TIO-540-J2B2
P3,4,T,AN12,,T,T56-A-14
P337,2,P,BE76,,P,TSIO-360C
P46T,1,T,P46T,,T,PT6A-42
P68,2,P,BE76,,P,IO-360-A1B6
P68T,2,T,K100,,T,BIZLIGHTPROP_F
P750,1,T,P750,,T,PT6A-34
PA23,2,P,DA42,,P,O-320-E2A
PA27,2,P,PA27,,P,IO-540-T4A5D
PA30,2,P,PA34,,P,IO-320-DIAD
PA31,2,P,PA31,,P,TIO-540-J2B2
PA34,2,P,PA34,,P,TSIO-360C
PA44,2,P,PA44,,P,O-360-A3A
PA46,1,P,PA46,,P,TIO-540-J2B2
PAY1,2,T,PAY1,,T,PT6A-11
PAY2,2,T,PAY2,,T,PT6A-28
PAY3,2,T,PAY3,,T,PT6A-41
PAY4,2,T,P180,,T,TPE331-14B
PC12,1,T,PC12,,T,PT6A-67B
PC24,2,J,C560,,J,1AS001
PC6T,1,T,C208,,T,PT6A-27
PC7,1,T,C208,,T,PT6A-25C
PC9,1,T,TEX2,,T,PT6A-62
PRM1,2,J,PRM1,,J,1AS001
R135,4,J,DC87,,J,1CM001
RJ1H,4,J,RJ1H,,J,1TL004
RJ70,4,J,RJ85,,J,1TL004
RJ85,4,J,RJ85,,J,1TL004
S2P,2,P,S2P,,P,Prop>500hp
S2T,2,T,SH36,,T,PT6A-67AF
S601,2,J,C550,,J,1PW036
SB20,2,T,SB20,,T,AE2100A on Saab 2000
SBR1,2,J,SBR1,,J,1AS002
SBR2,2,J,SBR1,,J,CF700-2D
SC7,2,T,L410,,T,TPE331-2
SF34,2,T,SF34,,T,CT7-9B
SF50,1,J,SF50,,J,1AS001
SH33,2,T,SH36,,T,PT6A-45R
SH36,2,T,SH36,,T,PT6A-67R
SJ30,2,J,LJ25,,J,1AS001
STAR,2,T,P1HH,,T,PT6A-67A
SU95,2,J,SU95,,J,01P11PJ003
SW2,2,T,BE9L,,T,TPE331-15AW
SW3,2,T,MU2,,T,TPE331-10U
SW4,2,T,SW4,,T,TPE331-11U-601G
T134,2,J,T134,,J,1AA001
T154,3,J,T154,,J,1AA004
T204,2,J,T204,,J,13AA006
TBM7,1,T,TBM7,,T,PT6A-64
TBM8,1,T,TBM8,,T,PT6A-64
TBM9,1,T,TBM9,,T,PT6A-64
TRIS,3,P,C206,,P,O-540-J3C5D
U16,2,P,S2P,,P,Prop>500hp
U21,2,T,F406,,T,PT6A-20
VC10,4,J,B703,,J,1PW002
VF14,2,J,E135,,J,1RR001
W135,4,J,B703,,J,1CM001
WW23,2,J,SBR1,,J,1AS002
WW24,2,J,SBR1,,J,1AS002
Y11,2,P,C414,,P,IO-550-B
YK40,3,J,YK40,,J,AI-24VT
YK42,3,J,YK42,,J,1ZM001
